1,10,0.008,1,0.2,0.005,0.0005,0.005,0.0009,2.10222139704878
2,10,0.008,1,0.2,0.005,0.0005,0.005,0.0009,1.87008158551306
3,10,0.008,1,0.2,0.005,0.0005,0.005,0.0009,1.64114868635115
4,10,0.008,1,0.2,0.005,0.0005,0.005,0.0009,1.44753042311775
5,10,0.008,1,0.2,0.005,0.0005,0.005,0.0009,1.30328180974381
6,10,0.008,1,0.2,0.005,0.0005,0.005,0.0009,1.20072826776422
7,10,0.008,1,0.2,0.005,0.0005,0.005,0.0009,1.13172738182455
8,10,0.008,1,0.2,0.005,0.0005,0.005,0.0009,1.08325534149784
9,10,0.008,1,0.2,0.005,0.0005,0.005,0.0009,1.04743298199515
10,10,0.008,1,0.2,0.005,0.0005,0.005,0.0009,1.0193775500031
11,10,0.008,1,0.2,0.005,0.0005,0.005,0.0009,0.997044041935929
12,10,0.008,1,0.2,0.005,0.0005,0.005,0.0009,0.98138130031049
13,10,0.008,1,0.2,0.005,0.0005,0.005,0.0009,0.969342851107624
14,10,0.008,1,0.2,0.005,0.0005,0.005,0.0009,0.9591528114256
15,10,0.008,1,0.2,0.005,0.0005,0.005,0.0009,0.950660273655872
16,10,0.008,1,0.2,0.005,0.0005,0.005,0.0009,0.944492432632842
17,10,0.008,1,0.2,0.005,0.0005,0.005,0.0009,0.940167528245174
18,10,0.008,1,0.2,0.005,0.0005,0.005,0.0009,0.936914039613964
19,10,0.008,1,0.2,0.005,0.0005,0.005,0.0009,0.933947576880603
20,10,0.008,1,0.2,0.005,0.0005,0.005,0.0009,0.931120523602016
21,10,0.008,1,0.2,0.005,0.0005,0.005,0.0009,0.929739898915063
22,10,0.008,1,0.2,0.005,0.0005,0.005,0.0009,0.928678677102419
23,10,0.008,1,0.2,0.005,0.0005,0.005,0.0009,0.927964896071289
24,10,0.008,1,0.2,0.005,0.0005,0.005,0.0009,0.927254125959762
25,10,0.008,1,0.2,0.005,0.0005,0.005,0.0009,0.927501427611897
26,10,0.008,1,0.2,0.005,0.0005,0.005,0.0009,0.927247985276352
27,10,0.008,1,0.2,0.005,0.0005,0.005,0.0009,0.927194688107625
28,10,0.008,1,0.2,0.005,0.0005,0.005,0.0009,0.927168546470344
29,10,0.008,1,0.2,0.005,0.0005,0.005,0.0009,0.927325121903788
30,10,0.008,1,0.2,0.005,0.0005,0.005,0.0009,0.927699593735839
31,10,0.008,1,0.2,0.005,0.0005,0.005,0.0009,0.927301403986559
32,10,0.008,1,0.2,0.005,0.0005,0.005,0.0009,0.927474599127613
33,10,0.008,1,0.2,0.005,0.0005,0.005,0.0009,0.927788707549358
34,10,0.008,1,0.2,0.005,0.0005,0.005,0.0009,0.927930793470792
35,10,0.008,1,0.2,0.005,0.0005,0.005,0.0009,0.928272420379764
36,10,0.008,1,0.2,0.005,0.0005,0.005,0.0009,0.928639355254573
37,10,0.008,1,0.2,0.005,0.0005,0.005,0.0009,0.928924426059137
38,10,0.008,1,0.2,0.005,0.0005,0.005,0.0009,0.929402129140771
39,10,0.008,1,0.2,0.005,0.0005,0.005,0.0009,0.929982941372926
40,10,0.008,1,0.2,0.005,0.0005,0.005,0.0009,0.930342685724231
41,10,0.008,1,0.2,0.005,0.0005,0.005,0.0009,0.930745139802769
42,10,0.008,1,0.2,0.005,0.0005,0.005,0.0009,0.93134502996783
43,10,0.008,1,0.2,0.005,0.0005,0.005,0.0009,0.931905484084452
44,10,0.008,1,0.2,0.005,0.0005,0.005,0.0009,0.932330193388216
45,10,0.008,1,0.2,0.005,0.0005,0.005,0.0009,0.93279179200529
46,10,0.008,1,0.2,0.005,0.0005,0.005,0.0009,0.933721026400546
47,10,0.008,1,0.2,0.005,0.0005,0.005,0.0009,0.93421554410446
48,10,0.008,1,0.2,0.005,0.0005,0.005,0.0009,0.934733135949889
49,10,0.008,1,0.2,0.005,0.0005,0.005,0.0009,0.935426859019837
50,10,0.008,1,0.2,0.005,0.0005,0.005,0.0009,0.936215166088584
1,10,0.008,1,0.2,0.005,0.0005,0.005,0.0009,2.09768352314536
2,10,0.008,1,0.2,0.005,0.0005,0.005,0.0009,1.87205694366681
3,10,0.008,1,0.2,0.005,0.0005,0.005,0.0009,1.63299138774284
4,10,0.008,1,0.2,0.005,0.0005,0.005,0.0009,1.43582479158757
5,10,0.008,1,0.2,0.005,0.0005,0.005,0.0009,1.29480523189634
6,10,0.008,1,0.2,0.005,0.0005,0.005,0.0009,1.19711042820468
7,10,0.008,1,0.2,0.005,0.0005,0.005,0.0009,1.13032610655398
8,10,0.008,1,0.2,0.005,0.0005,0.005,0.0009,1.08312291351735
9,10,0.008,1,0.2,0.005,0.0005,0.005,0.0009,1.04803745454717
10,10,0.008,1,0.2,0.005,0.0005,0.005,0.0009,1.02082295932113
11,10,0.008,1,0.2,0.005,0.0005,0.005,0.0009,1.00158445409491
12,10,0.008,1,0.2,0.005,0.0005,0.005,0.0009,0.985807041879023
13,10,0.008,1,0.2,0.005,0.0005,0.005,0.0009,0.973582647926733
14,10,0.008,1,0.2,0.005,0.0005,0.005,0.0009,0.96308062501918
1,10,0.008,1,0.2,0.005,0.0005,0.005,0.009,2.10347583201993
2,10,0.008,1,0.2,0.005,0.0005,0.005,0.009,1.88038441450667
3,10,0.008,1,0.2,0.005,0.0005,0.005,0.009,1.6581225567201
4,10,0.008,1,0.2,0.005,0.0005,0.005,0.009,1.46256621220539
5,10,0.008,1,0.2,0.005,0.0005,0.005,0.009,1.30968090591303
6,10,0.008,1,0.2,0.005,0.0005,0.005,0.009,1.20365878613349
7,10,0.008,1,0.2,0.005,0.0005,0.005,0.009,1.13352651320501
8,10,0.008,1,0.2,0.005,0.0005,0.005,0.009,1.08482983420099
9,10,0.008,1,0.2,0.005,0.0005,0.005,0.009,1.04979525476947
10,10,0.008,1,0.2,0.005,0.0005,0.005,0.009,1.02242736355519
11,10,0.008,1,0.2,0.005,0.0005,0.005,0.009,1.00300680925278
12,10,0.008,1,0.2,0.005,0.0005,0.005,0.009,0.988201956005839
13,10,0.008,1,0.2,0.005,0.0005,0.005,0.009,0.975949805950197
14,10,0.008,1,0.2,0.005,0.0005,0.005,0.009,0.965604202325443
15,10,0.008,1,0.2,0.005,0.0005,0.005,0.009,0.957186657292732
16,10,0.008,1,0.2,0.005,0.0005,0.005,0.009,0.951549663704463
17,10,0.008,1,0.2,0.005,0.0005,0.005,0.009,0.94736918109935
18,10,0.008,1,0.2,0.005,0.0005,0.005,0.009,0.944032855010104
19,10,0.008,1,0.2,0.005,0.0005,0.005,0.009,0.941264649362096
20,10,0.008,1,0.2,0.005,0.0005,0.005,0.009,0.939742603981638
21,10,0.008,1,0.2,0.005,0.0005,0.005,0.009,0.938186344478226
22,10,0.008,1,0.2,0.005,0.0005,0.005,0.009,0.93726480841619
23,10,0.008,1,0.2,0.005,0.0005,0.005,0.009,0.936265453003004
24,10,0.008,1,0.2,0.005,0.0005,0.005,0.009,0.935668179617083
25,10,0.008,1,0.2,0.005,0.0005,0.005,0.009,0.935275874235192
26,10,0.008,1,0.2,0.005,0.0005,0.005,0.009,0.935398013529029
27,10,0.008,1,0.2,0.005,0.0005,0.005,0.009,0.935132070954856
28,10,0.008,1,0.2,0.005,0.0005,0.005,0.009,0.935003438055093
29,10,0.008,1,0.2,0.005,0.0005,0.005,0.009,0.934789442512349
30,10,0.008,1,0.2,0.005,0.0005,0.005,0.009,0.934933543757782
31,10,0.008,1,0.2,0.005,0.0005,0.005,0.009,0.935479966235343
32,10,0.008,1,0.2,0.005,0.0005,0.005,0.009,0.935422320892736
33,10,0.008,1,0.2,0.005,0.0005,0.005,0.009,0.935899609807712
34,10,0.008,1,0.2,0.005,0.0005,0.005,0.009,0.936468369614031
35,10,0.008,1,0.2,0.005,0.0005,0.005,0.009,0.936811601733428
36,10,0.008,1,0.2,0.005,0.0005,0.005,0.009,0.937513364034089
37,10,0.008,1,0.2,0.005,0.0005,0.005,0.009,0.937788841085278
38,10,0.008,1,0.2,0.005,0.0005,0.005,0.009,0.938545401027345
39,10,0.008,1,0.2,0.005,0.0005,0.005,0.009,0.938708458596601
40,10,0.008,1,0.2,0.005,0.0005,0.005,0.009,0.939618984569489
41,10,0.008,1,0.2,0.005,0.0005,0.005,0.009,0.940111291172021
42,10,0.008,1,0.2,0.005,0.0005,0.005,0.009,0.940580551765305
43,10,0.008,1,0.2,0.005,0.0005,0.005,0.009,0.941292038138182
44,10,0.008,1,0.2,0.005,0.0005,0.005,0.009,0.941748074492561
1,10,0.008,1,0.2,0.005,0.0005,0.005,0.09,2.08972687872334
2,10,0.008,1,0.2,0.005,0.0005,0.005,0.09,1.86361362999936
3,10,0.008,1,0.2,0.005,0.0005,0.005,0.09,1.63177531555731
4,10,0.008,1,0.2,0.005,0.0005,0.005,0.09,1.43504254432581
5,10,0.008,1,0.2,0.005,0.0005,0.005,0.09,1.29164807503355
6,10,0.008,1,0.2,0.005,0.0005,0.005,0.09,1.19181335891969
7,10,0.008,1,0.2,0.005,0.0005,0.005,0.09,1.12246731435412
8,10,0.008,1,0.2,0.005,0.0005,0.005,0.09,1.07436978666349
9,10,0.008,1,0.2,0.005,0.0005,0.005,0.09,1.04051439985292
10,10,0.008,1,0.2,0.005,0.0005,0.005,0.09,1.01526792419601
11,10,0.008,1,0.2,0.005,0.0005,0.005,0.09,0.997000473366185
12,10,0.008,1,0.2,0.005,0.0005,0.005,0.09,0.982742815455598
13,10,0.008,1,0.2,0.005,0.0005,0.005,0.09,0.969112677540219
14,10,0.008,1,0.2,0.005,0.0005,0.005,0.09,0.957571068989454
15,10,0.008,1,0.2,0.005,0.0005,0.005,0.09,0.94938353874881
16,10,0.008,1,0.2,0.005,0.0005,0.005,0.09,0.943206522547613
17,10,0.008,1,0.2,0.005,0.0005,0.005,0.09,0.938272821539547
18,10,0.008,1,0.2,0.005,0.0005,0.005,0.09,0.933847419859382
19,10,0.008,1,0.2,0.005,0.0005,0.005,0.09,0.930549862961291
20,10,0.008,1,0.2,0.005,0.0005,0.005,0.09,0.928542852264008
21,10,0.008,1,0.2,0.005,0.0005,0.005,0.09,0.926878037969336
22,10,0.008,1,0.2,0.005,0.0005,0.005,0.09,0.925080072366222
23,10,0.008,1,0.2,0.005,0.0005,0.005,0.09,0.924108482101271
24,10,0.008,1,0.2,0.005,0.0005,0.005,0.09,0.922967079901015
25,10,0.008,1,0.2,0.005,0.0005,0.005,0.09,0.921937572606746
26,10,0.008,1,0.2,0.005,0.0005,0.005,0.09,0.921449929476643
27,10,0.008,1,0.2,0.005,0.0005,0.005,0.09,0.921425274625729
28,10,0.008,1,0.2,0.005,0.0005,0.005,0.09,0.921021691015535
29,10,0.008,1,0.2,0.005,0.0005,0.005,0.09,0.920826581848043
30,10,0.008,1,0.2,0.005,0.0005,0.005,0.09,0.920472684609888
31,10,0.008,1,0.2,0.005,0.0005,0.005,0.09,0.920686407249134
32,10,0.008,1,0.2,0.005,0.0005,0.005,0.09,0.920623680711037
33,10,0.008,1,0.2,0.005,0.0005,0.005,0.09,0.920495531941066
34,10,0.008,1,0.2,0.005,0.0005,0.005,0.09,0.920514273601359
35,10,0.008,1,0.2,0.005,0.0005,0.005,0.09,0.920679188297769
36,10,0.008,1,0.2,0.005,0.0005,0.005,0.09,0.92118997000176
37,10,0.008,1,0.2,0.005,0.0005,0.005,0.09,0.921381135771821
38,10,0.008,1,0.2,0.005,0.0005,0.005,0.09,0.921676141366942
39,10,0.008,1,0.2,0.005,0.0005,0.005,0.09,0.922158878309672
40,10,0.008,1,0.2,0.005,0.0005,0.005,0.09,0.923064053354881
41,10,0.008,1,0.2,0.005,0.0005,0.005,0.09,0.923573738123784
42,10,0.008,1,0.2,0.005,0.0005,0.005,0.09,0.924249669355608
1,10,0.008,1,0.2,0.002,0.0002,0.002,0.09,2.09433906914599
2,10,0.008,1,0.2,0.002,0.0002,0.002,0.09,1.86519622507148
3,10,0.008,1,0.2,0.002,0.0002,0.002,0.09,1.64116225122131
4,10,0.008,1,0.2,0.002,0.0002,0.002,0.09,1.44814351872982
5,10,0.008,1,0.2,0.002,0.0002,0.002,0.09,1.30502085083299
6,10,0.008,1,0.2,0.002,0.0002,0.002,0.09,1.2052102696189
7,10,0.008,1,0.2,0.002,0.0002,0.002,0.09,1.1360971318072
8,10,0.008,1,0.2,0.002,0.0002,0.002,0.09,1.08793126492235
9,10,0.008,1,0.2,0.002,0.0002,0.002,0.09,1.05384394478274
10,10,0.008,1,0.2,0.002,0.0002,0.002,0.09,1.02809739545763
11,10,0.008,1,0.2,0.002,0.0002,0.002,0.09,1.00834648822378
12,10,0.008,1,0.2,0.002,0.0002,0.002,0.09,0.994416527389407
13,10,0.008,1,0.2,0.002,0.0002,0.002,0.09,0.982195916074184
14,10,0.008,1,0.2,0.002,0.0002,0.002,0.09,0.971904396153385
15,10,0.008,1,0.2,0.002,0.0002,0.002,0.09,0.963863148688508
16,10,0.008,1,0.2,0.002,0.0002,0.002,0.09,0.958124672868872
17,10,0.008,1,0.2,0.002,0.0002,0.002,0.09,0.95288697013884
18,10,0.008,1,0.2,0.002,0.0002,0.002,0.09,0.948796926078045
19,10,0.008,1,0.2,0.002,0.0002,0.002,0.09,0.944734544494059
20,10,0.008,1,0.2,0.002,0.0002,0.002,0.09,0.942215801790389
21,10,0.008,1,0.2,0.002,0.0002,0.002,0.09,0.940937471510008
22,10,0.008,1,0.2,0.002,0.0002,0.002,0.09,0.939202115495115
23,10,0.008,1,0.2,0.002,0.0002,0.002,0.09,0.937847568651534
24,10,0.008,1,0.2,0.002,0.0002,0.002,0.09,0.936971744483222
25,10,0.008,1,0.2,0.002,0.0002,0.002,0.09,0.93678063423742
26,10,0.008,1,0.2,0.002,0.0002,0.002,0.09,0.936111078402899
27,10,0.008,1,0.2,0.002,0.0002,0.002,0.09,0.93561924880034
28,10,0.008,1,0.2,0.002,0.0002,0.002,0.09,0.935159145385476
29,10,0.008,1,0.2,0.002,0.0002,0.002,0.09,0.935235578194108
30,10,0.008,1,0.2,0.002,0.0002,0.002,0.09,0.935097044224764
31,10,0.008,1,0.2,0.002,0.0002,0.002,0.09,0.935201977458922
32,10,0.008,1,0.2,0.002,0.0002,0.002,0.09,0.93520851887796
33,10,0.008,1,0.2,0.002,0.0002,0.002,0.09,0.935073229925432
34,10,0.008,1,0.2,0.002,0.0002,0.002,0.09,0.935368449782099
35,10,0.008,1,0.2,0.002,0.0002,0.002,0.09,0.935483726302689
36,10,0.008,1,0.2,0.002,0.0002,0.002,0.09,0.93591054840247
37,10,0.008,1,0.2,0.002,0.0002,0.002,0.09,0.936293835668624
38,10,0.008,1,0.2,0.002,0.0002,0.002,0.09,0.936877439516025
39,10,0.008,1,0.2,0.002,0.0002,0.002,0.09,0.937479214486422
40,10,0.008,1,0.2,0.002,0.0002,0.002,0.09,0.937770839381901
41,10,0.008,1,0.2,0.002,0.0002,0.002,0.09,0.938085433938575
42,10,0.008,1,0.2,0.002,0.0002,0.002,0.09,0.938536260495482
43,10,0.008,1,0.2,0.002,0.0002,0.002,0.09,0.938945947965393
1,10,0.008,1,0.2,0.007,0.0007,0.007,0.09,2.10463530607851
2,10,0.008,1,0.2,0.007,0.0007,0.007,0.09,1.87133409597048
3,10,0.008,1,0.2,0.007,0.0007,0.007,0.09,1.63527342296831
4,10,0.008,1,0.2,0.007,0.0007,0.007,0.09,1.44411754465663
5,10,0.008,1,0.2,0.007,0.0007,0.007,0.09,1.3002252828534
6,10,0.008,1,0.2,0.007,0.0007,0.007,0.09,1.19879919355879
7,10,0.008,1,0.2,0.007,0.0007,0.007,0.09,1.12898112426384
8,10,0.008,1,0.2,0.007,0.0007,0.007,0.09,1.07850741598728
9,10,0.008,1,0.2,0.007,0.0007,0.007,0.09,1.04209358168381
10,10,0.008,1,0.2,0.007,0.0007,0.007,0.09,1.01538288061943
11,10,0.008,1,0.2,0.007,0.0007,0.007,0.09,0.995353089526524
12,10,0.008,1,0.2,0.007,0.0007,0.007,0.09,0.979399362754319
13,10,0.008,1,0.2,0.007,0.0007,0.007,0.09,0.967896228549463
14,10,0.008,1,0.2,0.007,0.0007,0.007,0.09,0.959243332194238
15,10,0.008,1,0.2,0.007,0.0007,0.007,0.09,0.952728677794051
16,10,0.008,1,0.2,0.007,0.0007,0.007,0.09,0.946895597869605
17,10,0.008,1,0.2,0.007,0.0007,0.007,0.09,0.942170276300681
18,10,0.008,1,0.2,0.007,0.0007,0.007,0.09,0.938184766646085
19,10,0.008,1,0.2,0.007,0.0007,0.007,0.09,0.936060121051602
20,10,0.008,1,0.2,0.007,0.0007,0.007,0.09,0.934498330763555
21,10,0.008,1,0.2,0.007,0.0007,0.007,0.09,0.932938667578768
22,10,0.008,1,0.2,0.007,0.0007,0.007,0.09,0.931879908686661
23,10,0.008,1,0.2,0.007,0.0007,0.007,0.09,0.931387941134654
24,10,0.008,1,0.2,0.007,0.0007,0.007,0.09,0.930486848361082
25,10,0.008,1,0.2,0.007,0.0007,0.007,0.09,0.930240880404442
26,10,0.008,1,0.2,0.007,0.0007,0.007,0.09,0.930069860488628
27,10,0.008,1,0.2,0.007,0.0007,0.007,0.09,0.930237941968237
28,10,0.008,1,0.2,0.007,0.0007,0.007,0.09,0.930217245127242
29,10,0.008,1,0.2,0.007,0.0007,0.007,0.09,0.93041784876136
30,10,0.008,1,0.2,0.007,0.0007,0.007,0.09,0.930657467172759
31,10,0.008,1,0.2,0.007,0.0007,0.007,0.09,0.931234455358069
32,10,0.008,1,0.2,0.007,0.0007,0.007,0.09,0.931374294134182
33,10,0.008,1,0.2,0.007,0.0007,0.007,0.09,0.931589471993688
34,10,0.008,1,0.2,0.007,0.0007,0.007,0.09,0.93178147462743
35,10,0.008,1,0.2,0.007,0.0007,0.007,0.09,0.932223437114119
36,10,0.008,1,0.2,0.007,0.0007,0.007,0.09,0.933064953489887
37,10,0.008,1,0.2,0.007,0.0007,0.007,0.09,0.933438402285984
38,10,0.008,1,0.2,0.007,0.0007,0.007,0.09,0.933885167789672
1,10,0.008,1,0.2,0.005,0.09,0.005,0.09,2.07864300060356
2,10,0.008,1,0.2,0.005,0.09,0.005,0.09,1.8283334430043
3,10,0.008,1,0.2,0.005,0.09,0.005,0.09,1.58586772756184
4,10,0.008,1,0.2,0.005,0.09,0.005,0.09,1.38402328125596
5,10,0.008,1,0.2,0.005,0.09,0.005,0.09,1.23723531020413
6,10,0.008,1,0.2,0.005,0.09,0.005,0.09,1.13896914764804
7,10,0.008,1,0.2,0.005,0.09,0.005,0.09,1.07330375240454
8,10,0.008,1,0.2,0.005,0.09,0.005,0.09,1.02807134013575
9,10,0.008,1,0.2,0.005,0.09,0.005,0.09,0.99527535760135
10,10,0.008,1,0.2,0.005,0.09,0.005,0.09,0.971050000881406
11,10,0.008,1,0.2,0.005,0.09,0.005,0.09,0.953145119465533
12,10,0.008,1,0.2,0.005,0.09,0.005,0.09,0.939416949594837
13,10,0.008,1,0.2,0.005,0.09,0.005,0.09,0.928740564787229
14,10,0.008,1,0.2,0.005,0.09,0.005,0.09,0.920056984310473
15,10,0.008,1,0.2,0.005,0.09,0.005,0.09,0.913863239845405
16,10,0.008,1,0.2,0.005,0.09,0.005,0.09,0.908885021256659
17,10,0.008,1,0.2,0.005,0.09,0.005,0.09,0.904888143793604
18,10,0.008,1,0.2,0.005,0.09,0.005,0.09,0.901984063780942
19,10,0.008,1,0.2,0.005,0.09,0.005,0.09,0.900117658923348
20,10,0.008,1,0.2,0.005,0.09,0.005,0.09,0.898495357047325
21,10,0.008,1,0.2,0.005,0.09,0.005,0.09,0.897029704543835
22,10,0.008,1,0.2,0.005,0.09,0.005,0.09,0.896385053577355
23,10,0.008,1,0.2,0.005,0.09,0.005,0.09,0.895412243305895
24,10,0.008,1,0.2,0.005,0.09,0.005,0.09,0.894153337436771
25,10,0.008,1,0.2,0.005,0.09,0.005,0.09,0.893794581893597
26,10,0.008,1,0.2,0.005,0.09,0.005,0.09,0.893680980418107
27,10,0.008,1,0.2,0.005,0.09,0.005,0.09,0.893488360832318
28,10,0.008,1,0.2,0.005,0.09,0.005,0.09,0.893660294526108
29,10,0.008,1,0.2,0.005,0.09,0.005,0.09,0.893561361684001
30,10,0.008,1,0.2,0.005,0.09,0.005,0.09,0.89335970681695
31,10,0.008,1,0.2,0.005,0.09,0.005,0.09,0.893248243900313
32,10,0.008,1,0.2,0.005,0.09,0.005,0.09,0.89329582299031
33,10,0.008,1,0.2,0.005,0.09,0.005,0.09,0.893401271950548
34,10,0.008,1,0.2,0.005,0.09,0.005,0.09,0.893568219550767
35,10,0.008,1,0.2,0.005,0.09,0.005,0.09,0.894053888289425
36,10,0.008,1,0.2,0.005,0.09,0.005,0.09,0.894456659637465
37,10,0.008,1,0.2,0.005,0.09,0.005,0.09,0.894544206368829
38,10,0.008,1,0.2,0.005,0.09,0.005,0.09,0.895004514883836
39,10,0.008,1,0.2,0.005,0.09,0.005,0.09,0.895451625787412
40,10,0.008,1,0.2,0.005,0.09,0.005,0.09,0.895457141412413
1,10,0.008,1,0.2,0.005,0.1,0.005,0.1,2.09223729821402
2,10,0.008,1,0.2,0.005,0.1,0.005,0.1,1.8422049881773
3,10,0.008,1,0.2,0.005,0.1,0.005,0.1,1.58466962043265
4,10,0.008,1,0.2,0.005,0.1,0.005,0.1,1.37826532991865
5,10,0.008,1,0.2,0.005,0.1,0.005,0.1,1.23186845120584
6,10,0.008,1,0.2,0.005,0.1,0.005,0.1,1.13651928481918
7,10,0.008,1,0.2,0.005,0.1,0.005,0.1,1.07295745032206
8,10,0.008,1,0.2,0.005,0.1,0.005,0.1,1.02808904216244
9,10,0.008,1,0.2,0.005,0.1,0.005,0.1,0.995844837363041
10,10,0.008,1,0.2,0.005,0.1,0.005,0.1,0.971825890666429
11,10,0.008,1,0.2,0.005,0.1,0.005,0.1,0.95327416324357
12,10,0.008,1,0.2,0.005,0.1,0.005,0.1,0.938880962237652
13,10,0.008,1,0.2,0.005,0.1,0.005,0.1,0.928553736933311
14,10,0.008,1,0.2,0.005,0.1,0.005,0.1,0.920320486236023
15,10,0.008,1,0.2,0.005,0.1,0.005,0.1,0.914634832622237
16,10,0.008,1,0.2,0.005,0.1,0.005,0.1,0.910791402176634
17,10,0.008,1,0.2,0.005,0.1,0.005,0.1,0.907352955201217
18,10,0.008,1,0.2,0.005,0.1,0.005,0.1,0.904682841989667
19,10,0.008,1,0.2,0.005,0.1,0.005,0.1,0.902352541927643
20,10,0.008,1,0.2,0.005,0.1,0.005,0.1,0.900221689397332
21,10,0.008,1,0.2,0.005,0.1,0.005,0.1,0.898587146727518
22,10,0.008,1,0.2,0.005,0.1,0.005,0.1,0.89749955764698
23,10,0.008,1,0.2,0.005,0.1,0.005,0.1,0.89649529304485
24,10,0.008,1,0.2,0.005,0.1,0.005,0.1,0.895872083495
25,10,0.008,1,0.2,0.005,0.1,0.005,0.1,0.895423361734702
26,10,0.008,1,0.2,0.005,0.1,0.005,0.1,0.895068188934036
27,10,0.008,1,0.2,0.005,0.1,0.005,0.1,0.894548258326373
28,10,0.008,1,0.2,0.005,0.1,0.005,0.1,0.894794766199038
29,10,0.008,1,0.2,0.005,0.1,0.005,0.1,0.894868090477867
30,10,0.008,1,0.2,0.005,0.1,0.005,0.1,0.895056027727231
31,10,0.008,1,0.2,0.005,0.1,0.005,0.1,0.895311253398046
32,10,0.008,1,0.2,0.005,0.1,0.005,0.1,0.895431932255577
33,10,0.008,1,0.2,0.005,0.1,0.005,0.1,0.895582472303767
34,10,0.008,1,0.2,0.005,0.1,0.005,0.1,0.895951334097086
35,10,0.008,1,0.2,0.005,0.1,0.005,0.1,0.896103149696805
36,10,0.008,1,0.2,0.005,0.1,0.005,0.1,0.896182922083481
37,10,0.008,1,0.2,0.005,0.1,0.005,0.1,0.896610106644717
1,10,0.008,1,0.2,0.005,0.1,0.005,0.1,NaN
2,10,0.008,1,0.2,0.005,0.1,0.005,0.1,NaN
3,10,0.008,1,0.2,0.005,0.1,0.005,0.1,NaN
4,10,0.008,1,0.2,0.005,0.1,0.005,0.1,NaN
5,10,0.008,1,0.2,0.005,0.1,0.005,0.1,NaN
1,10,0.008,1,0.2,0.005,0.1,0.005,0.1,2.33461795678276
2,10,0.008,1,0.2,0.005,0.1,0.005,0.1,NaN
3,10,0.008,1,0.2,0.005,0.1,0.005,0.1,NaN
4,10,0.008,1,0.2,0.005,0.1,0.005,0.1,NaN
5,10,0.008,1,0.2,0.005,0.1,0.005,0.1,NaN
6,10,0.008,1,0.2,0.005,0.1,0.005,0.1,NaN
7,10,0.008,1,0.2,0.005,0.1,0.005,0.1,NaN
1,10,0.008,1,0.2,0.005,0.1,0.005,0.1,1.86154072359385
2,10,0.008,1,0.2,0.005,0.1,0.005,0.1,1.50921461119721
3,10,0.008,1,0.2,0.005,0.1,0.005,0.1,1.30117971516613
4,10,0.008,1,0.2,0.005,0.1,0.005,0.1,1.18374382452938
5,10,0.008,1,0.2,0.005,0.1,0.005,0.1,1.10921511596422
6,10,0.008,1,0.2,0.005,0.1,0.005,0.1,1.05668794490331
7,10,0.008,1,0.2,0.005,0.1,0.005,0.1,1.01959072935573
8,10,0.008,1,0.2,0.005,0.1,0.005,0.1,0.993037474454208
9,10,0.008,1,0.2,0.005,0.1,0.005,0.1,0.9712177948768
10,10,0.008,1,0.2,0.005,0.1,0.005,0.1,0.95329036768117
11,10,0.008,1,0.2,0.005,0.1,0.005,0.1,0.940429060596482
12,10,0.008,1,0.2,0.005,0.1,0.005,0.1,0.929716362848506
13,10,0.008,1,0.2,0.005,0.1,0.005,0.1,0.921798537942652
14,10,0.008,1,0.2,0.005,0.1,0.005,0.1,0.915753175783713
15,10,0.008,1,0.2,0.005,0.1,0.005,0.1,0.910924834429495
16,10,0.008,1,0.2,0.005,0.1,0.005,0.1,0.906544339817353
17,10,0.008,1,0.2,0.005,0.1,0.005,0.1,0.903569213696787
18,10,0.008,1,0.2,0.005,0.1,0.005,0.1,0.901052835760304
19,10,0.008,1,0.2,0.005,0.1,0.005,0.1,0.899009281236583
20,10,0.008,1,0.2,0.005,0.1,0.005,0.1,0.897503294693197
21,10,0.008,1,0.2,0.005,0.1,0.005,0.1,0.896413634296345
22,10,0.008,1,0.2,0.005,0.1,0.005,0.1,0.895585908270802
23,10,0.008,1,0.2,0.005,0.1,0.005,0.1,0.894558328397133
24,10,0.008,1,0.2,0.005,0.1,0.005,0.1,0.894159283729536
25,10,0.008,1,0.2,0.005,0.1,0.005,0.1,0.893794987614363
26,10,0.008,1,0.2,0.005,0.1,0.005,0.1,0.893493513359868
27,10,0.008,1,0.2,0.005,0.1,0.005,0.1,0.893248266294329
28,10,0.008,1,0.2,0.005,0.1,0.005,0.1,0.892849500542703
29,10,0.008,1,0.2,0.005,0.1,0.005,0.1,0.892801163529754
30,10,0.008,1,0.2,0.005,0.1,0.005,0.1,0.892524618151195
31,10,0.008,1,0.2,0.005,0.1,0.005,0.1,0.892490235031126
32,10,0.008,1,0.2,0.005,0.1,0.005,0.1,0.892795201832092
33,10,0.008,1,0.2,0.005,0.1,0.005,0.1,0.893357274645666
34,10,0.008,1,0.2,0.005,0.1,0.005,0.1,0.89364952868078
35,10,0.008,1,0.2,0.005,0.1,0.005,0.1,0.893715219587705
36,10,0.008,1,0.2,0.005,0.1,0.005,0.1,0.894386969968323
37,10,0.008,1,0.2,0.005,0.1,0.005,0.1,0.894699070279543
38,10,0.008,1,0.2,0.005,0.1,0.005,0.1,0.89470768732301
39,10,0.008,1,0.2,0.005,0.1,0.005,0.1,0.89525386649125
40,10,0.008,1,0.2,0.005,0.1,0.005,0.1,0.895480039536146
41,10,0.008,1,0.2,0.005,0.1,0.005,0.1,0.895840009154584
42,10,0.008,1,0.2,0.005,0.1,0.005,0.1,0.896966868615273
43,10,0.008,1,0.2,0.005,0.1,0.005,0.1,0.897552050191625
44,10,0.008,1,0.2,0.005,0.1,0.005,0.1,0.897971198679021
45,10,0.008,1,0.2,0.005,0.1,0.005,0.1,0.898438178195197
46,10,0.008,1,0.2,0.005,0.1,0.005,0.1,0.898888725176075
47,10,0.008,1,0.2,0.005,0.1,0.005,0.1,0.899334447646179
48,10,0.008,1,0.2,0.005,0.1,0.005,0.1,0.899734057727795
49,10,0.008,1,0.2,0.005,0.1,0.005,0.1,0.900530768197599
50,10,0.008,1,0.2,0.005,0.1,0.005,0.1,0.901303303765196
1,10,0.008,1,0.02,0.005,0.1,0.005,0.1,2.18899563180907
2,10,0.008,1,0.02,0.005,0.1,0.005,0.1,2.17017857281563
3,10,0.008,1,0.02,0.005,0.1,0.005,0.1,2.15502334940165
4,10,0.008,1,0.02,0.005,0.1,0.005,0.1,2.14088999668548
5,10,0.008,1,0.02,0.005,0.1,0.005,0.1,2.12398685137739
6,10,0.008,1,0.02,0.005,0.1,0.005,0.1,2.10993682316061
7,10,0.008,1,0.02,0.005,0.1,0.005,0.1,2.09691792461782
8,10,0.008,1,0.02,0.005,0.1,0.005,0.1,2.07859463003824
9,10,0.008,1,0.02,0.005,0.1,0.005,0.1,2.06255475937639
10,10,0.008,1,0.02,0.005,0.1,0.005,0.1,2.04674609810056
11,10,0.008,1,0.02,0.005,0.1,0.005,0.1,2.02508292507479
12,10,0.008,1,0.02,0.005,0.1,0.005,0.1,2.00972432463643
13,10,0.008,1,0.02,0.005,0.1,0.005,0.1,1.99360677670009
14,10,0.008,1,0.02,0.005,0.1,0.005,0.1,1.97388378209738
15,10,0.008,1,0.02,0.005,0.1,0.005,0.1,1.95392821687717
16,10,0.008,1,0.02,0.005,0.1,0.005,0.1,1.93537740150814
17,10,0.008,1,0.02,0.005,0.1,0.005,0.1,1.91727939178371
18,10,0.008,1,0.02,0.005,0.1,0.005,0.1,1.90119867784392
19,10,0.008,1,0.02,0.005,0.1,0.005,0.1,1.88148207168352
20,10,0.008,1,0.02,0.005,0.1,0.005,0.1,1.86541602442501
21,10,0.008,1,0.02,0.005,0.1,0.005,0.1,1.84594219372345
22,10,0.008,1,0.02,0.005,0.1,0.005,0.1,1.82838036412546
23,10,0.008,1,0.02,0.005,0.1,0.005,0.1,1.81044930786619
24,10,0.008,1,0.02,0.005,0.1,0.005,0.1,1.79035683072134
25,10,0.008,1,0.02,0.005,0.1,0.005,0.1,1.77293671876226
26,10,0.008,1,0.02,0.005,0.1,0.005,0.1,1.75711171643891
27,10,0.008,1,0.02,0.005,0.1,0.005,0.1,1.73984136903102
28,10,0.008,1,0.02,0.005,0.1,0.005,0.1,1.72528071565901
29,10,0.008,1,0.02,0.005,0.1,0.005,0.1,1.70777746623826
30,10,0.008,1,0.02,0.005,0.1,0.005,0.1,1.6922956832824
31,10,0.008,1,0.02,0.005,0.1,0.005,0.1,1.67782505007827
32,10,0.008,1,0.02,0.005,0.1,0.005,0.1,1.6641003410707
33,10,0.008,1,0.02,0.005,0.1,0.005,0.1,1.64653621746757
34,10,0.008,1,0.02,0.005,0.1,0.005,0.1,1.63532906854939
35,10,0.008,1,0.02,0.005,0.1,0.005,0.1,1.62192870593831
36,10,0.008,1,0.02,0.005,0.1,0.005,0.1,1.61028558074295
37,10,0.008,1,0.02,0.005,0.1,0.005,0.1,1.59847751219285
1,10,0.008,1,0.09,0.005,0.1,0.005,0.1,2.19520895860058
2,10,0.008,1,0.09,0.005,0.1,0.005,0.1,2.16480428997491
3,10,0.008,1,0.09,0.005,0.1,0.005,0.1,2.14154112589344
4,10,0.008,1,0.09,0.005,0.1,0.005,0.1,2.12575907183727
5,10,0.008,1,0.09,0.005,0.1,0.005,0.1,2.10805131900624
6,10,0.008,1,0.09,0.005,0.1,0.005,0.1,2.09356424125599
7,10,0.008,1,0.09,0.005,0.1,0.005,0.1,2.07761287578139
8,10,0.008,1,0.09,0.005,0.1,0.005,0.1,2.05901743893585
9,10,0.008,1,0.09,0.005,0.1,0.005,0.1,2.04213873910904
10,10,0.008,1,0.09,0.005,0.1,0.005,0.1,2.02491572639966
11,10,0.008,1,0.09,0.005,0.1,0.005,0.1,2.00621010721708
12,10,0.008,1,0.09,0.005,0.1,0.005,0.1,1.98598568947289
13,10,0.008,1,0.09,0.005,0.1,0.005,0.1,1.96443060460328
1,10,0.008,1,0.09,0.005,0.1,0.005,0.1,1.85225132365227
2,10,0.008,1,0.09,0.005,0.1,0.005,0.1,1.51607773645924
3,10,0.008,1,0.09,0.005,0.1,0.005,0.1,1.29702726781743
4,10,0.008,1,0.09,0.005,0.1,0.005,0.1,1.17686000851745
5,10,0.008,1,0.09,0.005,0.1,0.005,0.1,1.10483535824508
6,10,0.008,1,0.09,0.005,0.1,0.005,0.1,1.05551053549224
7,10,0.008,1,0.09,0.005,0.1,0.005,0.1,1.02026014564727
8,10,0.008,1,0.09,0.005,0.1,0.005,0.1,0.992911402463551
9,10,0.008,1,0.09,0.005,0.1,0.005,0.1,0.971703679940891
10,10,0.008,1,0.09,0.005,0.1,0.005,0.1,0.954051408024688
11,10,0.008,1,0.09,0.005,0.1,0.005,0.1,0.938723008456403
12,10,0.008,1,0.09,0.005,0.1,0.005,0.1,0.927742814043695
13,10,0.008,1,0.09,0.005,0.1,0.005,0.1,0.920098221830751
14,10,0.008,1,0.09,0.005,0.1,0.005,0.1,0.913949245994894
15,10,0.008,1,0.09,0.005,0.1,0.005,0.1,0.90866683694662
16,10,0.008,1,0.09,0.005,0.1,0.005,0.1,0.904407700308101
17,10,0.008,1,0.09,0.005,0.1,0.005,0.1,0.901280242432637
18,10,0.008,1,0.09,0.005,0.1,0.005,0.1,0.898106531932595
19,10,0.008,1,0.09,0.005,0.1,0.005,0.1,0.89577675748188
20,10,0.008,1,0.09,0.005,0.1,0.005,0.1,0.894511810882088
21,10,0.008,1,0.09,0.005,0.1,0.005,0.1,0.892856199773606
22,10,0.008,1,0.09,0.005,0.1,0.005,0.1,0.891767493933133
23,10,0.008,1,0.09,0.005,0.1,0.005,0.1,0.89152656668223
24,10,0.008,1,0.09,0.005,0.1,0.005,0.1,0.891017994544029
25,10,0.008,1,0.09,0.005,0.1,0.005,0.1,0.890540837554141
26,10,0.008,1,0.09,0.005,0.1,0.005,0.1,0.889710447416039
27,10,0.008,1,0.09,0.005,0.1,0.005,0.1,0.889778678023264
28,10,0.008,1,0.09,0.005,0.1,0.005,0.1,0.889473444205538
29,10,0.008,1,0.09,0.005,0.1,0.005,0.1,0.889413298370236
30,10,0.008,1,0.09,0.005,0.1,0.005,0.1,0.889534235577457
31,10,0.008,1,0.09,0.005,0.1,0.005,0.1,0.889923320082096
32,10,0.008,1,0.09,0.005,0.1,0.005,0.1,0.890120878157411
33,10,0.008,1,0.09,0.005,0.1,0.005,0.1,0.890264490179102
34,10,0.008,1,0.09,0.005,0.1,0.005,0.1,0.890614479508852
35,10,0.008,1,0.09,0.005,0.1,0.005,0.1,0.890916114264781
36,10,0.008,1,0.09,0.005,0.1,0.005,0.1,0.891347389048257
37,10,0.008,1,0.09,0.005,0.1,0.005,0.1,0.892169966048879
38,10,0.008,1,0.09,0.005,0.1,0.005,0.1,0.892513948927939
39,10,0.008,1,0.09,0.005,0.1,0.005,0.1,0.89293837945524
40,10,0.008,1,0.09,0.005,0.1,0.005,0.1,0.893570080902665
41,10,0.008,1,0.09,0.005,0.1,0.005,0.1,0.894098516235362
42,10,0.008,1,0.09,0.005,0.1,0.005,0.1,0.894775667573917
43,10,0.008,1,0.09,0.005,0.1,0.005,0.1,0.895317043335829
44,10,0.008,1,0.09,0.005,0.1,0.005,0.1,0.895911989384156
45,10,0.008,1,0.09,0.005,0.1,0.005,0.1,0.896628661963929
46,10,0.008,1,0.09,0.005,0.1,0.005,0.1,0.897049928430167
47,10,0.008,1,0.09,0.005,0.1,0.005,0.1,0.897578919748636
48,10,0.008,1,0.09,0.005,0.1,0.005,0.1,0.897910416548426
49,10,0.008,1,0.09,0.005,0.1,0.005,0.1,0.898654837220797
50,10,0.008,1,0.09,0.005,0.1,0.005,0.1,0.899260993484781
1,10,0.005,1,0.09,0.005,0.1,0.005,0.1,2.0644102716555
2,10,0.005,1,0.09,0.005,0.1,0.005,0.1,1.8788686961869
3,10,0.005,1,0.09,0.005,0.1,0.005,0.1,1.6931689768115
4,10,0.005,1,0.09,0.005,0.1,0.005,0.1,1.52262369811724
5,10,0.005,1,0.09,0.005,0.1,0.005,0.1,1.38233125254584
6,10,0.005,1,0.09,0.005,0.1,0.005,0.1,1.27731524799438
7,10,0.005,1,0.09,0.005,0.1,0.005,0.1,1.20250479322092
8,10,0.005,1,0.09,0.005,0.1,0.005,0.1,1.14718674381271
9,10,0.005,1,0.09,0.005,0.1,0.005,0.1,1.1051577324587
10,10,0.005,1,0.09,0.005,0.1,0.005,0.1,1.07145783372188
11,10,0.005,1,0.09,0.005,0.1,0.005,0.1,1.04404885616718
12,10,0.005,1,0.09,0.005,0.1,0.005,0.1,1.02251589023852
13,10,0.005,1,0.09,0.005,0.1,0.005,0.1,1.00424472638016
14,10,0.005,1,0.09,0.005,0.1,0.005,0.1,0.988408089593183
15,10,0.005,1,0.09,0.005,0.1,0.005,0.1,0.974899231848321
16,10,0.005,1,0.09,0.005,0.1,0.005,0.1,0.962730735457281
17,10,0.005,1,0.09,0.005,0.1,0.005,0.1,0.952209072464282
18,10,0.005,1,0.09,0.005,0.1,0.005,0.1,0.943552315308448
19,10,0.005,1,0.09,0.005,0.1,0.005,0.1,0.935617455453193
20,10,0.005,1,0.09,0.005,0.1,0.005,0.1,0.929202153662299
21,10,0.005,1,0.09,0.005,0.1,0.005,0.1,0.923815113013502
22,10,0.005,1,0.09,0.005,0.1,0.005,0.1,0.919143482901209
23,10,0.005,1,0.09,0.005,0.1,0.005,0.1,0.915325870736575
24,10,0.005,1,0.09,0.005,0.1,0.005,0.1,0.911963502962718
25,10,0.005,1,0.09,0.005,0.1,0.005,0.1,0.909627227940558
26,10,0.005,1,0.09,0.005,0.1,0.005,0.1,0.906595275442711
27,10,0.005,1,0.09,0.005,0.1,0.005,0.1,0.904240008451193
28,10,0.005,1,0.09,0.005,0.1,0.005,0.1,0.902292315182099
29,10,0.005,1,0.09,0.005,0.1,0.005,0.1,0.900866009570441
30,10,0.005,1,0.09,0.005,0.1,0.005,0.1,0.899642217279339
31,10,0.005,1,0.09,0.005,0.1,0.005,0.1,0.898269726536024
32,10,0.005,1,0.09,0.005,0.1,0.005,0.1,0.897246486571883
33,10,0.005,1,0.09,0.005,0.1,0.005,0.1,0.896438460137349
34,10,0.005,1,0.09,0.005,0.1,0.005,0.1,0.895722764881562
35,10,0.005,1,0.09,0.005,0.1,0.005,0.1,0.894932771645702
36,10,0.005,1,0.09,0.005,0.1,0.005,0.1,0.894315985449438
37,10,0.005,1,0.09,0.005,0.1,0.005,0.1,0.893752077069931
38,10,0.005,1,0.09,0.005,0.1,0.005,0.1,0.893091318497153
39,10,0.005,1,0.09,0.005,0.1,0.005,0.1,0.892752963552436
40,10,0.005,1,0.09,0.005,0.1,0.005,0.1,0.892658219932285
41,10,0.005,1,0.09,0.005,0.1,0.005,0.1,0.892242771254358
42,10,0.005,1,0.09,0.005,0.1,0.005,0.1,0.892283878765087
43,10,0.005,1,0.09,0.005,0.1,0.005,0.1,0.892364044994291
44,10,0.005,1,0.09,0.005,0.1,0.005,0.1,0.892374662161362
45,10,0.005,1,0.09,0.005,0.1,0.005,0.1,0.892098743215815
46,10,0.005,1,0.09,0.005,0.1,0.005,0.1,0.892042454313412
47,10,0.005,1,0.09,0.005,0.1,0.005,0.1,0.892023490457792
48,10,0.005,1,0.09,0.005,0.1,0.005,0.1,0.892082287859577
49,10,0.005,1,0.09,0.005,0.1,0.005,0.1,0.892180530582692
50,10,0.005,1,0.09,0.005,0.1,0.005,0.1,0.891923895662548
1,10,0.005,10,0.09,0.005,0.1,0.005,0.1,1.92569802352
2,10,0.005,10,0.09,0.005,0.1,0.005,0.1,1.64608056096223
3,10,0.005,10,0.09,0.005,0.1,0.005,0.1,1.48690808963292
4,10,0.005,10,0.09,0.005,0.1,0.005,0.1,1.39217436641858
5,10,0.005,10,0.09,0.005,0.1,0.005,0.1,1.32375010377878
6,10,0.005,10,0.09,0.005,0.1,0.005,0.1,1.26984730698518
7,10,0.005,10,0.09,0.005,0.1,0.005,0.1,1.22863294403359
8,10,0.005,10,0.09,0.005,0.1,0.005,0.1,1.19783640767834
9,10,0.005,10,0.09,0.005,0.1,0.005,0.1,1.17379773175868
10,10,0.005,10,0.09,0.005,0.1,0.005,0.1,1.15013405354731
11,10,0.005,10,0.09,0.005,0.1,0.005,0.1,1.1305847616499
12,10,0.005,10,0.09,0.005,0.1,0.005,0.1,1.11851309423118
13,10,0.005,10,0.09,0.005,0.1,0.005,0.1,1.10275516057644
14,10,0.005,10,0.09,0.005,0.1,0.005,0.1,1.09018576548519
15,10,0.005,10,0.09,0.005,0.1,0.005,0.1,1.0795453662821
16,10,0.005,10,0.09,0.005,0.1,0.005,0.1,1.06908605392081
17,10,0.005,10,0.09,0.005,0.1,0.005,0.1,1.05818933621964
18,10,0.005,10,0.09,0.005,0.1,0.005,0.1,1.05041570163061
19,10,0.005,10,0.09,0.005,0.1,0.005,0.1,1.04359693427781
20,10,0.005,10,0.09,0.005,0.1,0.005,0.1,1.03695156121682
21,10,0.005,10,0.09,0.005,0.1,0.005,0.1,1.03004086353484
22,10,0.005,10,0.09,0.005,0.1,0.005,0.1,1.02521437055856
23,10,0.005,10,0.09,0.005,0.1,0.005,0.1,1.01876225424869
24,10,0.005,10,0.09,0.005,0.1,0.005,0.1,1.01214396284064
25,10,0.005,10,0.09,0.005,0.1,0.005,0.1,1.00942958019294
26,10,0.005,10,0.09,0.005,0.1,0.005,0.1,1.00355454803388
27,10,0.005,10,0.09,0.005,0.1,0.005,0.1,1.00004041193231
28,10,0.005,10,0.09,0.005,0.1,0.005,0.1,0.996587682689434
1,10,0.005,0.7,0.09,0.005,0.1,0.005,0.1,2.09398165684364
2,10,0.005,0.7,0.09,0.005,0.1,0.005,0.1,1.90044685501957
3,10,0.005,0.7,0.09,0.005,0.1,0.005,0.1,1.69938246652925
4,10,0.005,0.7,0.09,0.005,0.1,0.005,0.1,1.52329209231542
5,10,0.005,0.7,0.09,0.005,0.1,0.005,0.1,1.38319245619541
6,10,0.005,0.7,0.09,0.005,0.1,0.005,0.1,1.27695500097769
7,10,0.005,0.7,0.09,0.005,0.1,0.005,0.1,1.19753357689455
8,10,0.005,0.7,0.09,0.005,0.1,0.005,0.1,1.13841788826394
9,10,0.005,0.7,0.09,0.005,0.1,0.005,0.1,1.09324806890387
10,10,0.005,0.7,0.09,0.005,0.1,0.005,0.1,1.05795774581459
11,10,0.005,0.7,0.09,0.005,0.1,0.005,0.1,1.02939051889356
12,10,0.005,0.7,0.09,0.005,0.1,0.005,0.1,1.00685745642146
13,10,0.005,0.7,0.09,0.005,0.1,0.005,0.1,0.98796724653427
14,10,0.005,0.7,0.09,0.005,0.1,0.005,0.1,0.971614387554041
15,10,0.005,0.7,0.09,0.005,0.1,0.005,0.1,0.956908733591061
16,10,0.005,0.7,0.09,0.005,0.1,0.005,0.1,0.943989398925619
17,10,0.005,0.7,0.09,0.005,0.1,0.005,0.1,0.932749173150522
18,10,0.005,0.7,0.09,0.005,0.1,0.005,0.1,0.923508955337739
19,10,0.005,0.7,0.09,0.005,0.1,0.005,0.1,0.916249121850451
20,10,0.005,0.7,0.09,0.005,0.1,0.005,0.1,0.910124138175012
21,10,0.005,0.7,0.09,0.005,0.1,0.005,0.1,0.905027740876597
22,10,0.005,0.7,0.09,0.005,0.1,0.005,0.1,0.900763928590815
23,10,0.005,0.7,0.09,0.005,0.1,0.005,0.1,0.896942724423251
24,10,0.005,0.7,0.09,0.005,0.1,0.005,0.1,0.893803411313029
25,10,0.005,0.7,0.09,0.005,0.1,0.005,0.1,0.891201510026988
26,10,0.005,0.7,0.09,0.005,0.1,0.005,0.1,0.888641277564392
27,10,0.005,0.7,0.09,0.005,0.1,0.005,0.1,0.886460815802984
28,10,0.005,0.7,0.09,0.005,0.1,0.005,0.1,0.884502597872555
29,10,0.005,0.7,0.09,0.005,0.1,0.005,0.1,0.883092452393916
30,10,0.005,0.7,0.09,0.005,0.1,0.005,0.1,0.881981594376907
31,10,0.005,0.7,0.09,0.005,0.1,0.005,0.1,0.88132373677466
32,10,0.005,0.7,0.09,0.005,0.1,0.005,0.1,0.88057002775614
33,10,0.005,0.7,0.09,0.005,0.1,0.005,0.1,0.880202627699688
34,10,0.005,0.7,0.09,0.005,0.1,0.005,0.1,0.879487106962988
35,10,0.005,0.7,0.09,0.005,0.1,0.005,0.1,0.879218379182779
36,10,0.005,0.7,0.09,0.005,0.1,0.005,0.1,0.879095311717363
37,10,0.005,0.7,0.09,0.005,0.1,0.005,0.1,0.879018551048537
38,10,0.005,0.7,0.09,0.005,0.1,0.005,0.1,0.878997182183605
39,10,0.005,0.7,0.09,0.005,0.1,0.005,0.1,0.878994812259541
40,10,0.005,0.7,0.09,0.005,0.1,0.005,0.1,0.879218279219894
41,10,0.005,0.7,0.09,0.005,0.1,0.005,0.1,0.879411011871414
42,10,0.005,0.7,0.09,0.005,0.1,0.005,0.1,0.879434234492391
43,10,0.005,0.7,0.09,0.005,0.1,0.005,0.1,0.879780844314058
44,10,0.005,0.7,0.09,0.005,0.1,0.005,0.1,0.879998967552755
45,10,0.005,0.7,0.09,0.005,0.1,0.005,0.1,0.880276107590521
46,10,0.005,0.7,0.09,0.005,0.1,0.005,0.1,0.880524100034721
47,10,0.005,0.7,0.09,0.005,0.1,0.005,0.1,0.881061417416829
48,10,0.005,0.7,0.09,0.005,0.1,0.005,0.1,0.881463549939701
49,10,0.005,0.7,0.09,0.005,0.1,0.005,0.1,0.882047020355553
50,10,0.005,0.7,0.09,0.005,0.1,0.005,0.1,0.882575471451289
1,10,0.005,0.7,0.09,0.005,0.1,0.005,0.1,2.07419808215981
2,10,0.005,0.7,0.09,0.005,0.1,0.005,0.1,1.89410815531377
3,10,0.005,0.7,0.09,0.005,0.1,0.005,0.1,1.70052486689214
4,10,0.005,0.7,0.09,0.005,0.1,0.005,0.1,1.52922050597877
5,10,0.005,0.7,0.09,0.005,0.1,0.005,0.1,1.38579767470104
6,10,0.005,0.7,0.09,0.005,0.1,0.005,0.1,1.27689381362188
7,10,0.005,0.7,0.09,0.005,0.1,0.005,0.1,1.19604938410263
8,10,0.005,0.7,0.09,0.005,0.1,0.005,0.1,1.13636617918566
9,10,0.005,0.7,0.09,0.005,0.1,0.005,0.1,1.09198768563463
10,10,0.005,0.7,0.09,0.005,0.1,0.005,0.1,1.05704208935045
11,10,0.005,0.7,0.09,0.005,0.1,0.005,0.1,1.02872271146241
12,10,0.005,0.7,0.09,0.005,0.1,0.005,0.1,1.00542279862249
13,10,0.005,0.7,0.09,0.005,0.1,0.005,0.1,0.985948002432482
14,10,0.005,0.7,0.09,0.005,0.1,0.005,0.1,0.969592013124693
15,10,0.005,0.7,0.09,0.005,0.1,0.005,0.1,0.955011224744619
1,10,0.005,0.7,0.09,0.005,0.1,0.005,0.1,2.07201694255661
2,10,0.005,0.7,0.09,0.005,0.1,0.005,0.1,1.87571795420104
3,10,0.005,0.7,0.09,0.005,0.1,0.005,0.1,1.6746695399957
4,10,0.005,0.7,0.09,0.005,0.1,0.005,0.1,1.50172790802538
5,10,0.005,0.7,0.09,0.005,0.1,0.005,0.1,1.36595488495111
6,10,0.005,0.7,0.09,0.005,0.1,0.005,0.1,1.26279496448546
7,10,0.005,0.7,0.09,0.005,0.1,0.005,0.1,1.18605207708773
8,10,0.005,0.7,0.09,0.005,0.1,0.005,0.1,1.12962571974145
9,10,0.005,0.7,0.09,0.005,0.1,0.005,0.1,1.08697029148283
10,10,0.005,0.7,0.09,0.005,0.1,0.005,0.1,1.05388076526693
11,10,0.005,0.7,0.09,0.005,0.1,0.005,0.1,1.02586664133867
12,10,0.005,0.7,0.09,0.005,0.1,0.005,0.1,1.00239195897988
13,10,0.005,0.7,0.09,0.005,0.1,0.005,0.1,0.982477711734823
14,10,0.005,0.7,0.09,0.005,0.1,0.005,0.1,0.966009369147215
15,10,0.005,0.7,0.09,0.005,0.1,0.005,0.1,0.951788778527552
16,10,0.005,0.7,0.09,0.005,0.1,0.005,0.1,0.940616461477047
17,10,0.005,0.7,0.09,0.005,0.1,0.005,0.1,0.930761445549223
18,10,0.005,0.7,0.09,0.005,0.1,0.005,0.1,0.92276844915825
19,10,0.005,0.7,0.09,0.005,0.1,0.005,0.1,0.916019756887276
20,10,0.005,0.7,0.09,0.005,0.1,0.005,0.1,0.910296633508324
21,10,0.005,0.7,0.09,0.005,0.1,0.005,0.1,0.905669207097489
22,10,0.005,0.7,0.09,0.005,0.1,0.005,0.1,0.901822794698322
23,10,0.005,0.7,0.09,0.005,0.1,0.005,0.1,0.898537773784757
24,10,0.005,0.7,0.09,0.005,0.1,0.005,0.1,0.89532511315582
1,10,0.005,0.7,0.09,0.005,0.1,0.005,0.1,2.0675845158528
2,10,0.005,0.7,0.09,0.005,0.1,0.005,0.1,1.8722007343819
3,10,0.005,0.7,0.09,0.005,0.1,0.005,0.1,1.67610025320838
4,10,0.005,0.7,0.09,0.005,0.1,0.005,0.1,1.50657107616702
5,10,0.005,0.7,0.09,0.005,0.1,0.005,0.1,1.37363026116639
6,10,0.005,0.7,0.09,0.005,0.1,0.005,0.1,1.2714868018125
7,10,0.005,0.7,0.09,0.005,0.1,0.005,0.1,1.19327566788955
8,10,0.005,0.7,0.09,0.005,0.1,0.005,0.1,1.13385222180618
9,10,0.005,0.7,0.09,0.005,0.1,0.005,0.1,1.08805106416929
10,10,0.005,0.7,0.09,0.005,0.1,0.005,0.1,1.05291683030232
11,10,0.005,0.7,0.09,0.005,0.1,0.005,0.1,1.02494341021779
12,10,0.005,0.7,0.09,0.005,0.1,0.005,0.1,1.0018696630401
1,10,0.005,0.7,0.09,0.005,0.1,0.005,0.1,2.10233437383246
2,10,0.005,0.7,0.09,0.005,0.1,0.005,0.1,1.91199626994519
3,10,0.005,0.7,0.09,0.005,0.1,0.005,0.1,1.70131318762846
4,10,0.005,0.7,0.09,0.005,0.1,0.005,0.1,1.52113113416831
5,10,0.005,0.7,0.09,0.005,0.1,0.005,0.1,1.38211192980859
1,10,0.005,0.7,0.09,0.005,0.1,0.005,0.1,2.06938778218993
2,10,0.005,0.7,0.09,0.005,0.1,0.005,0.1,1.86535857229798
3,10,0.005,0.7,0.09,0.005,0.1,0.005,0.1,1.66884247717534
4,10,0.005,0.7,0.09,0.005,0.1,0.005,0.1,1.49849777938319
5,10,0.005,0.7,0.09,0.005,0.1,0.005,0.1,1.36222260041167
6,10,0.005,0.7,0.09,0.005,0.1,0.005,0.1,1.26099460377462
7,10,0.005,0.7,0.09,0.005,0.1,0.005,0.1,1.18473161709763
8,10,0.005,0.7,0.09,0.005,0.1,0.005,0.1,1.12707677115266
9,10,0.005,0.7,0.09,0.005,0.1,0.005,0.1,1.08312328107001
10,10,0.005,0.7,0.09,0.005,0.1,0.005,0.1,1.04902314951165
11,10,0.005,0.7,0.09,0.005,0.1,0.005,0.1,1.02206467451017
12,10,0.005,0.7,0.09,0.005,0.1,0.005,0.1,0.999579537697292
13,10,0.005,0.7,0.09,0.005,0.1,0.005,0.1,0.980120426594219
14,10,0.005,0.7,0.09,0.005,0.1,0.005,0.1,0.963955027249338
15,10,0.005,0.7,0.09,0.005,0.1,0.005,0.1,0.950087236755626
16,10,0.005,0.7,0.09,0.005,0.1,0.005,0.1,0.938361241893251
1,10,0.005,0.7,0.09,0.005,0.1,0.005,0.1,2.06008102911346
2,10,0.005,0.7,0.09,0.005,0.1,0.005,0.1,1.8604202472499
3,10,0.005,0.7,0.09,0.005,0.1,0.005,0.1,1.67795960371692
4,10,0.005,0.7,0.09,0.005,0.1,0.005,0.1,1.51079459307916
5,10,0.005,0.7,0.09,0.005,0.1,0.005,0.1,1.37713981745088
6,10,0.005,0.7,0.09,0.005,0.1,0.005,0.1,1.27472473910065
7,10,0.005,0.7,0.09,0.005,0.1,0.005,0.1,1.19727104966005
8,10,0.005,0.7,0.09,0.005,0.1,0.005,0.1,1.13996297413043
9,10,0.005,0.7,0.09,0.005,0.1,0.005,0.1,1.09519857941375
10,10,0.005,0.7,0.09,0.005,0.1,0.005,0.1,1.05955246859558
11,10,0.005,0.7,0.09,0.005,0.1,0.005,0.1,1.03099640069216
12,10,0.005,0.7,0.09,0.005,0.1,0.005,0.1,1.00767186324098
13,10,0.005,0.7,0.09,0.005,0.1,0.005,0.1,0.987945701568118
14,10,0.005,0.7,0.09,0.005,0.1,0.005,0.1,0.9715040678982
15,10,0.005,0.7,0.09,0.005,0.1,0.005,0.1,0.956382728540668
16,10,0.005,0.7,0.09,0.005,0.1,0.005,0.1,0.94360894602688
17,10,0.005,0.7,0.09,0.005,0.1,0.005,0.1,0.933017556972388
18,10,0.005,0.7,0.09,0.005,0.1,0.005,0.1,0.923973676586213
19,10,0.005,0.7,0.09,0.005,0.1,0.005,0.1,0.916503466103405
20,10,0.005,0.7,0.09,0.005,0.1,0.005,0.1,0.910552637535838
21,10,0.005,0.7,0.09,0.005,0.1,0.005,0.1,0.905621879257456
22,10,0.005,0.7,0.09,0.005,0.1,0.005,0.1,0.90144900662969
23,10,0.005,0.7,0.09,0.005,0.1,0.005,0.1,0.897864449161948
24,10,0.005,0.7,0.09,0.005,0.1,0.005,0.1,0.894460028458976
25,10,0.005,0.7,0.09,0.005,0.1,0.005,0.1,0.891952192642862
26,10,0.005,0.7,0.09,0.005,0.1,0.005,0.1,0.889565981850222
27,10,0.005,0.7,0.09,0.005,0.1,0.005,0.1,0.887164505285081
28,10,0.005,0.7,0.09,0.005,0.1,0.005,0.1,0.88511837236572
29,10,0.005,0.7,0.09,0.005,0.1,0.005,0.1,0.883696131193789
30,10,0.005,0.7,0.09,0.005,0.1,0.005,0.1,0.882606991407852
31,10,0.005,0.7,0.09,0.005,0.1,0.005,0.1,0.881708658805
32,10,0.005,0.7,0.09,0.005,0.1,0.005,0.1,0.880948941582438
33,10,0.005,0.7,0.09,0.005,0.1,0.005,0.1,0.880056687871531
34,10,0.005,0.7,0.09,0.005,0.1,0.005,0.1,0.879618361444457
35,10,0.005,0.7,0.09,0.005,0.1,0.005,0.1,0.879694941957132
36,10,0.005,0.7,0.09,0.005,0.1,0.005,0.1,0.879435453289386
37,10,0.005,0.7,0.09,0.005,0.1,0.005,0.1,0.879095859942428
38,10,0.005,0.7,0.09,0.005,0.1,0.005,0.1,0.879009649775389
39,10,0.005,0.7,0.09,0.005,0.1,0.005,0.1,0.878737366593366
40,10,0.005,0.7,0.09,0.005,0.1,0.005,0.1,0.878883169342832
41,10,0.005,0.7,0.09,0.005,0.1,0.005,0.1,0.878828212868223
42,10,0.005,0.7,0.09,0.005,0.1,0.005,0.1,0.878909959639551
43,10,0.005,0.7,0.09,0.005,0.1,0.005,0.1,0.879064869026257
44,10,0.005,0.7,0.09,0.005,0.1,0.005,0.1,0.879119744718614
45,10,0.005,0.7,0.09,0.005,0.1,0.005,0.1,0.879669184014202
46,10,0.005,0.7,0.09,0.005,0.1,0.005,0.1,0.879987571834455
47,10,0.005,0.7,0.09,0.005,0.1,0.005,0.1,0.880286070517244
48,10,0.005,0.7,0.09,0.005,0.1,0.005,0.1,0.880829488741127
49,10,0.005,0.7,0.09,0.005,0.1,0.005,0.1,0.881239478684537
50,10,0.005,0.7,0.09,0.005,0.1,0.005,0.1,0.881662254576568
1,10,0.005,0.7,0.09,0.005,0.1,0.005,0.1,2.09139289950755
2,10,0.005,0.7,0.09,0.005,0.1,0.005,0.1,1.89112295411693
3,10,0.005,0.7,0.09,0.005,0.1,0.005,0.1,1.68768037852249
4,10,0.005,0.7,0.09,0.005,0.1,0.005,0.1,1.50641447705483
5,10,0.005,0.7,0.09,0.005,0.1,0.005,0.1,1.3670484359248
6,10,0.005,0.7,0.09,0.005,0.1,0.005,0.1,1.26820041352282
1,10,0.005,0.7,0.09,0.005,0.1,3.34029098614505,3.55100629084666,2.08746501288955
2,10,0.005,0.7,0.09,0.005,0.1,NaN,NaN,NaN
3,10,0.005,0.7,0.09,0.005,0.1,NaN,NaN,NaN
4,10,0.005,0.7,0.09,0.005,0.1,NaN,NaN,NaN
5,10,0.005,0.7,0.09,0.005,0.1,NaN,NaN,NaN
6,10,0.005,0.7,0.09,0.005,0.1,NaN,NaN,NaN
7,10,0.005,0.7,0.09,0.005,0.1,NaN,NaN,NaN
8,10,0.005,0.7,0.09,0.005,0.1,NaN,NaN,NaN
9,10,0.005,0.7,0.09,0.005,0.1,NaN,NaN,NaN
1,10,0.005,0.7,0.1,0.005,0.001,3.35574562112736,3.4009714914904,2.09174356011845
2,10,0.005,0.7,0.1,0.005,0.001,NaN,NaN,NaN
3,10,0.005,0.7,0.1,0.005,0.001,NaN,NaN,NaN
4,10,0.005,0.7,0.1,0.005,0.001,NaN,NaN,NaN
5,10,0.005,0.7,0.1,0.005,0.001,NaN,NaN,NaN
6,10,0.005,0.7,0.1,0.005,0.001,NaN,NaN,NaN
1,10,0.005,0.7,0.1,0.005,0.001,-0.0581234793875043,0.211358728384209,2.0840620396974
2,10,0.005,0.7,0.1,0.005,0.001,-0.878493477305332,0.08668378510303,1.9603308892567
3,10,0.005,0.7,0.1,0.005,0.001,-1.98051962252682,0.0422574118876691,1.88470739937606
4,10,0.005,0.7,0.1,0.005,0.001,-2.94490396120475,0.433428784809861,1.84865625646095
5,10,0.005,0.7,0.1,0.005,0.001,-2.87407844391958,1.77298425900078,1.8588548889728
6,10,0.005,0.7,0.1,0.005,0.001,-0.702124897386651,4.13839369509607,1.87231448455894
7,10,0.005,0.7,0.1,0.005,0.001,1.12295829238661,6.39741788828303,1.83734865324273
8,10,0.005,0.7,0.1,0.005,0.001,0.643442836409486,7.77264642692508,1.76021362349815
9,10,0.005,0.7,0.1,0.005,0.001,-0.977398316580075,8.580873046797,1.69443556355164
10,10,0.005,0.7,0.1,0.005,0.001,-2.65416221148928,9.4180468676989,1.67151875654957
11,10,0.005,0.7,0.1,0.005,0.001,-2.9793410758485,10.7683200423455,1.69334671544031
12,10,0.005,0.7,0.1,0.005,0.001,-0.976189736568247,12.4287492532984,1.72085077708929
13,10,0.005,0.7,0.1,0.005,0.001,0.442099587912268,13.8125354226657,1.7040160922576
14,10,0.005,0.7,0.1,0.005,0.001,-0.183525066594328,14.8720319344239,1.65587018031812
15,10,0.005,0.7,0.1,0.005,0.001,-1.88890462547813,15.7005508061413,1.62393363234244
16,10,0.005,0.7,0.1,0.005,0.001,-3.15496522467047,16.3205482617678,1.63892096678143
17,10,0.005,0.7,0.1,0.005,0.001,-8.93516910158866,15.737822932299,1.70266880896667
18,10,0.005,0.7,0.1,0.005,0.001,-28584.9927957593,-1382.20454965138,2.14805780206414
19,10,0.005,0.7,0.1,0.005,0.001,NaN,NaN,2.3301752925157
20,10,0.005,0.7,0.1,0.005,0.001,NaN,NaN,NaN
21,10,0.005,0.7,0.1,0.005,0.001,NaN,NaN,NaN
22,10,0.005,0.7,0.1,0.005,0.001,NaN,NaN,NaN
1,10,0.005,0.7,0.1,0.005,0.001,0.779348706051059,0.775027249860877,2.07488355692179
2,10,0.005,0.7,0.1,0.005,0.001,NaN,NaN,NaN
3,10,0.005,0.7,0.1,0.005,0.001,NaN,NaN,NaN
4,10,0.005,0.7,0.1,0.005,0.001,NaN,NaN,NaN
5,10,0.005,0.7,0.1,0.005,0.001,NaN,NaN,NaN
6,10,0.005,0.7,0.1,0.005,0.001,NaN,NaN,NaN
1,10,0.005,0.7,0.1,0.005,0.001,-0.740921430049288,-0.747802757947651,2.07964818841351
2,10,0.005,0.7,0.1,0.005,0.001,-1.40839728468943,-1.42016082789709,2.03365888709561
3,10,0.005,0.7,0.1,0.005,0.001,-2.01844086029272,-2.01554978157776,1.96831814071207
4,10,0.005,0.7,0.1,0.005,0.001,-2.54978241901933,-2.47841394609239,1.94164254153109
5,10,0.005,0.7,0.1,0.005,0.001,-2.98604758966194,-2.79660114225686,1.94061371418083
6,10,0.005,0.7,0.1,0.005,0.001,-3.33105691021918,-2.99883824591917,1.95387612213091
7,10,0.005,0.7,0.1,0.005,0.001,-3.68523901340233,-3.12747212880178,1.97535983520282
8,10,0.005,0.7,0.1,0.005,0.001,-4.13189923434804,-3.20779075374886,2.00807167379447
9,10,0.005,0.7,0.1,0.005,0.001,-4.60043674395199,-3.25500282621167,2.07465869721503
10,10,0.005,0.7,0.1,0.005,0.001,-4.92530951976368,-3.27651674463686,2.21796475642466
11,10,0.005,0.7,0.1,0.005,0.001,-4.97616265389679,-3.2830945435311,2.29377195644247
12,10,0.005,0.7,0.1,0.005,0.001,-4.96082896341517,-3.28520114570865,2.32128699260788
13,10,0.005,0.7,0.1,0.005,0.001,-4.98872421335159,-3.28645132765058,2.34292874418326
14,10,0.005,0.7,0.1,0.005,0.001,-5.01854484933995,-3.28760530795023,2.34813558319298
15,10,0.005,0.7,0.1,0.005,0.001,-5.0837037303933,-3.28753246553311,2.35106748600871
16,10,0.005,0.7,0.1,0.005,0.001,-4.98761875942568,-3.28746952850156,2.36253371722003
17,10,0.005,0.7,0.1,0.005,0.001,-4.98733442522869,-3.28746913037862,2.37341761663555
18,10,0.005,0.7,0.1,0.005,0.001,-4.9874375172628,-3.28746918003859,2.37221114039929
19,10,0.005,0.7,0.1,0.005,0.001,-4.98744307075316,-3.287469179018,2.37464540755131
20,10,0.005,0.7,0.1,0.005,0.001,-4.98744306994644,-3.28746917901862,2.37456535051288
21,10,0.005,0.7,0.1,0.005,0.001,-4.98744239330496,-3.28746917910874,2.37460016099051
1,10,0.005,0.7,0.1,0.005,0.001,0.756373745615282,0.740453216513199,2.08439571165082
2,10,0.005,0.7,0.1,0.005,0.001,NaN,NaN,NaN
3,10,0.005,0.7,0.1,0.005,0.001,NaN,NaN,NaN
4,10,0.005,0.7,0.1,0.005,0.001,NaN,NaN,NaN
5,10,0.005,0.7,0.1,0.005,0.001,NaN,NaN,NaN
6,10,0.005,0.7,0.1,0.005,0.001,NaN,NaN,NaN
7,10,0.005,0.7,0.1,0.005,0.001,NaN,NaN,NaN
8,10,0.005,0.7,0.1,0.005,0.001,NaN,NaN,NaN
9,10,0.005,0.7,0.1,0.005,0.001,NaN,NaN,NaN
10,10,0.005,0.7,0.1,0.005,0.001,NaN,NaN,NaN
11,10,0.005,0.7,0.1,0.005,0.001,NaN,NaN,NaN
12,10,0.005,0.7,0.1,0.005,0.001,NaN,NaN,NaN
13,10,0.005,0.7,0.1,0.005,0.001,NaN,NaN,NaN
14,10,0.005,0.7,0.1,0.005,0.001,NaN,NaN,NaN
15,10,0.005,0.7,0.1,0.005,0.001,NaN,NaN,NaN
16,10,0.005,0.7,0.1,0.005,0.001,NaN,NaN,NaN
17,10,0.005,0.7,0.1,0.005,0.001,NaN,NaN,NaN
18,10,0.005,0.7,0.1,0.005,0.001,NaN,NaN,NaN
19,10,0.005,0.7,0.1,0.005,0.001,NaN,NaN,NaN
20,10,0.005,0.7,0.1,0.005,0.001,NaN,NaN,NaN
21,10,0.005,0.7,0.1,0.005,0.001,NaN,NaN,NaN
22,10,0.005,0.7,0.1,0.005,0.001,NaN,NaN,NaN
23,10,0.005,0.7,0.1,0.005,0.001,NaN,NaN,NaN
24,10,0.005,0.7,0.1,0.005,0.001,NaN,NaN,NaN
25,10,0.005,0.7,0.1,0.005,0.001,NaN,NaN,NaN
26,10,0.005,0.7,0.1,0.005,0.001,NaN,NaN,NaN
27,10,0.005,0.7,0.1,0.005,0.001,NaN,NaN,NaN
28,10,0.005,0.7,0.1,0.005,0.001,NaN,NaN,NaN
29,10,0.005,0.7,0.1,0.005,0.001,NaN,NaN,NaN
30,10,0.005,0.7,0.1,0.005,0.001,NaN,NaN,NaN
31,10,0.005,0.7,0.1,0.005,0.001,NaN,NaN,NaN
32,10,0.005,0.7,0.1,0.005,0.001,NaN,NaN,NaN
33,10,0.005,0.7,0.1,0.005,0.001,NaN,NaN,NaN
34,10,0.005,0.7,0.1,0.005,0.001,NaN,NaN,NaN
35,10,0.005,0.7,0.1,0.005,0.001,NaN,NaN,NaN
36,10,0.005,0.7,0.1,0.005,0.001,NaN,NaN,NaN
37,10,0.005,0.7,0.1,0.005,0.001,NaN,NaN,NaN
38,10,0.005,0.7,0.1,0.005,0.001,NaN,NaN,NaN
39,10,0.005,0.7,0.1,0.005,0.001,NaN,NaN,NaN
40,10,0.005,0.7,0.1,0.005,0.001,NaN,NaN,NaN
41,10,0.005,0.7,0.1,0.005,0.001,NaN,NaN,NaN
42,10,0.005,0.7,0.1,0.005,0.001,NaN,NaN,NaN
43,10,0.005,0.7,0.1,0.005,0.001,NaN,NaN,NaN
44,10,0.005,0.7,0.1,0.005,0.001,NaN,NaN,NaN
45,10,0.005,0.7,0.1,0.005,0.001,NaN,NaN,NaN
46,10,0.005,0.7,0.1,0.005,0.001,NaN,NaN,NaN
47,10,0.005,0.7,0.1,0.005,0.001,NaN,NaN,NaN
48,10,0.005,0.7,0.1,0.005,0.001,NaN,NaN,NaN
49,10,0.005,0.7,0.1,0.005,0.001,NaN,NaN,NaN
50,10,0.005,0.7,0.1,0.005,0.001,NaN,NaN,NaN
1,10,0.001,0.7,0.1,0.005,0.001,0.026649698900193,0.0228207120344108,2.23638012059701
2,10,0.001,0.7,0.1,0.005,0.001,0.0494886029904999,0.0457604323177417,2.22213900626582
3,10,0.001,0.7,0.1,0.005,0.001,0.0736067313653467,0.0698409963003469,2.20443051426514
4,10,0.001,0.7,0.1,0.005,0.001,0.0989712182085802,0.0950195707328372,2.18301992208217
5,10,0.001,0.7,0.1,0.005,0.001,0.125383488264288,0.121213626773871,2.15857254530909
6,10,0.001,0.7,0.1,0.005,0.001,0.152572528903222,0.148356446777918,2.13177500763206
7,10,0.001,0.7,0.1,0.005,0.001,0.180246761495621,0.176411695957051,2.10330365008295
8,10,0.001,0.7,0.1,0.005,0.001,0.208178322810933,0.205414603380941,2.0732787841459
9,10,0.001,0.7,0.1,0.005,0.001,0.23621507417866,0.235412149188424,2.04181968534084
10,10,0.001,0.7,0.1,0.005,0.001,0.26427706648535,0.266439772306978,2.00881711455556
11,10,0.001,0.7,0.1,0.005,0.001,0.29228564579091,0.298507874099318,1.97385562119166
12,10,0.001,0.7,0.1,0.005,0.001,0.320129143912813,0.331586183584537,1.93688433936255
13,10,0.001,0.7,0.1,0.005,0.001,0.3476518742563,0.365602517869781,1.89806032854212
14,10,0.001,0.7,0.1,0.005,0.001,0.374669011459509,0.400467000054734,1.85758997649358
15,10,0.001,0.7,0.1,0.005,0.001,0.400983087515384,0.436094295200113,1.8155023159652
16,10,0.001,0.7,0.1,0.005,0.001,0.426430710889319,0.472427484474011,1.77150253247996
17,10,0.001,0.7,0.1,0.005,0.001,0.450885661800544,0.509426214973598,1.72423363644149
18,10,0.001,0.7,0.1,0.005,0.001,0.474233500712942,0.547049311983884,1.67006836954667
19,10,0.001,0.7,0.1,0.005,0.001,0.496303648250979,0.585280863363585,1.59674396214144
20,10,0.001,0.7,0.1,0.005,0.001,0.515601790803385,0.623440442647557,1.41559597690181
21,10,0.001,0.7,0.1,0.005,0.001,0.515601790803385,0.623440442647557,2.33461795678276
22,10,0.001,0.7,0.1,0.005,0.001,0.515601790803385,0.623440442647557,2.33461795678276
23,10,0.001,0.7,0.1,0.005,0.001,0.515601790803385,0.623440442647557,2.33461795678276
24,10,0.001,0.7,0.1,0.005,0.001,0.515601790803385,0.623440442647557,2.33461795678276
25,10,0.001,0.7,0.1,0.005,0.001,NaN,NaN,NaN
26,10,0.001,0.7,0.1,0.005,0.001,NaN,NaN,NaN
1,10,0.001,1,0.1,0.0015,0.001,0.0225701132964091,0.0221571672688738,2.24305470738278
2,10,0.001,1,0.1,0.0015,0.001,0.0447829195571119,0.0443879583634706,2.22946605347041
3,10,0.001,1,0.1,0.0015,0.001,0.0682044873233418,0.0677315921608065,2.21244191690829
4,10,0.001,1,0.1,0.0015,0.001,0.0927708987047227,0.0921798524665293,2.19198618276491
5,10,0.001,1,0.1,0.0015,0.001,0.118335629658895,0.117715361477245,2.1688537163298
6,10,0.001,1,0.1,0.0015,0.001,0.144696735841045,0.144329756764826,2.14360494465347
7,10,0.001,1,0.1,0.0015,0.001,0.171657353653031,0.172031347878784,2.11674059563351
8,10,0.001,1,0.1,0.0015,0.001,0.199055833188534,0.200859163048655,2.08822724074198
9,10,0.001,1,0.1,0.0015,0.001,0.226764573721346,0.230834505782505,2.05788312549917
10,10,0.001,1,0.1,0.0015,0.001,0.254644286081674,0.261948419588739,2.02553415214825
11,10,0.001,1,0.1,0.0015,0.001,0.282532958612666,0.294186430532998,1.99121302016983
12,10,0.001,1,0.1,0.0015,0.001,0.310270491267123,0.327541502267419,1.95483075625373
13,10,0.001,1,0.1,0.0015,0.001,0.337698538529322,0.361986132678994,1.91639249820529
14,10,0.001,1,0.1,0.0015,0.001,0.36466746145198,0.397486726721994,1.87536183966425
15,10,0.001,1,0.1,0.0015,0.001,0.391004779707138,0.433982282044659,1.83151492889869
16,10,0.001,1,0.1,0.0015,0.001,0.416529785418632,0.471388454148539,1.78400673958034
17,10,0.001,1,0.1,0.0015,0.001,0.441065371568039,0.509626590131896,1.73142429884529
18,10,0.001,1,0.1,0.0015,0.001,0.464448659469145,0.548620923438853,1.66839198927329
19,10,0.001,1,0.1,0.0015,0.001,0.48639782834339,0.588285922899192,1.57186485494569
20,10,0.001,1,0.1,0.0015,0.001,0.493745279829905,0.613652258375538,1.54756887284162
21,10,0.001,1,0.1,0.0015,0.001,0.493745279829905,0.613652258375538,2.33461795678276
22,10,0.001,1,0.1,0.0015,0.001,0.493745279829905,0.613652258375538,2.33461795678276
23,10,0.001,1,0.1,0.0015,0.001,NaN,NaN,NaN
24,10,0.001,1,0.1,0.0015,0.001,NaN,NaN,NaN
25,10,0.001,1,0.1,0.0015,0.001,NaN,NaN,NaN
26,10,0.001,1,0.1,0.0015,0.001,NaN,NaN,NaN
27,10,0.001,1,0.1,0.0015,0.001,NaN,NaN,NaN
28,10,0.001,1,0.1,0.0015,0.001,NaN,NaN,NaN
29,10,0.001,1,0.1,0.0015,0.001,NaN,NaN,NaN
30,10,0.001,1,0.1,0.0015,0.001,NaN,NaN,NaN
31,10,0.001,1,0.1,0.0015,0.001,NaN,NaN,NaN
